seq_num,seq_name,potential_mut_site,context,prop_context,mut_match
1,Seq2,6,control,1.0,0.0
1,Seq2,9,control,1.0,0.0
1,Seq2,16,control,1.0,0.0
1,Seq2,17,control,1.0,0.0
1,Seq2,20,control,1.0,0.0
1,Seq2,25,control,1.0,0.0
1,Seq2,28,primary,1.0,0.0
1,Seq2,31,primary,1.0,0.0
1,Seq2,34,primary,1.0,0.0
1,Seq2,36,primary,1.0,0.0
1,Seq2,37,control,1.0,0.0
1,Seq2,40,control,1.0,0.0
1,Seq2,47,primary,1.0,0.0
1,Seq2,52,primary,1.0,0.0
1,Seq2,63,primary,1.0,0.0
1,Seq2,70,control,1.0,0.0
1,Seq2,85,control,1.0,0.0
1,Seq2,90,control,1.0,0.0
1,Seq2,93,primary,1.0,0.0
1,Seq2,97,primary,1.0,0.0
1,Seq2,103,control,1.0,0.0
1,Seq2,112,primary,1.0,0.0
1,Seq2,116,control,1.0,0.0
1,Seq2,122,control,1.0,0.0
1,Seq2,140,primary,1.0,0.0
1,Seq2,146,control,1.0,0.0
1,Seq2,157,primary,1.0,0.0
1,Seq2,158,control,1.0,0.0
1,Seq2,163,primary,1.0,0.0
1,Seq2,164,primary,1.0,0.0
1,Seq2,165,primary,1.0,0.0
1,Seq2,167,primary,1.0,0.0
1,Seq2,169,control,1.0,0.0
1,Seq2,184,primary,1.0,0.0
1,Seq2,185,primary,1.0,0.0
1,Seq2,187,primary,1.0,0.0
1,Seq2,196,primary,1.0,0.0
1,Seq2,197,primary,1.0,0.0
1,Seq2,199,primary,1.0,0.0
1,Seq2,206,control,1.0,0.0
1,Seq2,211,control,1.0,0.0
1,Seq2,218,control,1.0,0.0
1,Seq2,227,control,1.0,0.0
1,Seq2,231,primary,1.0,0.0
1,Seq2,235,primary,1.0,0.0
1,Seq2,239,primary,1.0,0.0
1,Seq2,240,primary,1.0,0.0
1,Seq2,247,control,1.0,0.0
1,Seq2,258,primary,1.0,0.0
1,Seq2,262,control,1.0,0.0
1,Seq2,275,control,1.0,0.0
1,Seq2,290,primary,1.0,0.0
1,Seq2,298,control,1.0,0.0
1,Seq2,308,primary,1.0,0.0
1,Seq2,316,primary,1.0,0.0
1,Seq2,317,primary,1.0,0.0
1,Seq2,319,primary,1.0,0.0
1,Seq2,320,primary,1.0,0.0
1,Seq2,321,primary,1.0,0.0
1,Seq2,322,control,1.0,0.0
1,Seq2,328,primary,1.0,0.0
1,Seq2,334,control,1.0,0.0
1,Seq2,339,control,1.0,0.0
1,Seq2,344,control,1.0,0.0
1,Seq2,353,control,1.0,0.0
1,Seq2,355,primary,1.0,0.0
1,Seq2,356,primary,1.0,0.0
1,Seq2,358,primary,1.0,0.0
1,Seq2,359,primary,1.0,0.0
1,Seq2,360,primary,1.0,0.0
1,Seq2,361,primary,1.0,0.0
1,Seq2,374,control,1.0,0.0
1,Seq2,390,control,1.0,0.0
1,Seq2,398,control,1.0,0.0
1,Seq2,404,primary,1.0,0.0
1,Seq2,405,primary,1.0,0.0
1,Seq2,409,control,1.0,0.0
1,Seq2,416,control,1.0,0.0
1,Seq2,422,primary,1.0,0.0
1,Seq2,423,primary,1.0,0.0
1,Seq2,427,control,1.0,0.0
1,Seq2,433,primary,1.0,0.0
1,Seq2,436,primary,1.0,0.0
1,Seq2,437,primary,1.0,0.0
1,Seq2,438,control,1.0,0.0
1,Seq2,451,primary,1.0,0.0
1,Seq2,454,primary,1.0,0.0
1,Seq2,455,primary,1.0,0.0
1,Seq2,473,control,1.0,0.0
1,Seq2,476,primary,1.0,0.0
1,Seq2,498,control,1.0,0.0
1,Seq2,500,control,1.0,0.0
1,Seq2,501,control,1.0,0.0
1,Seq2,504,primary,1.0,0.0
1,Seq2,505,primary,1.0,0.0
1,Seq2,508,control,1.0,0.0
1,Seq2,511,primary,1.0,0.0
1,Seq2,512,primary,1.0,0.0
1,Seq2,517,control,1.0,0.0
1,Seq2,522,control,1.0,0.0
1,Seq2,526,control,1.0,0.0
1,Seq2,539,primary,1.0,0.0
1,Seq2,541,primary,1.0,0.0
1,Seq2,542,control,1.0,0.0
1,Seq2,551,primary,1.0,0.0
1,Seq2,554,control,1.0,0.0
1,Seq2,571,primary,1.0,0.0
1,Seq2,572,control,1.0,0.0
1,Seq2,573,control,1.0,0.0
1,Seq2,587,primary,1.0,0.0
1,Seq2,589,primary,1.0,0.0
1,Seq2,592,primary,1.0,0.0
1,Seq2,593,control,1.0,0.0
1,Seq2,595,primary,1.0,0.0
1,Seq2,596,control,1.0,0.0
1,Seq2,607,primary,1.0,0.0
1,Seq2,608,primary,1.0,0.0
1,Seq2,609,control,1.0,0.0
1,Seq2,613,primary,1.0,0.0
1,Seq2,616,primary,1.0,0.0
1,Seq2,617,control,1.0,0.0
1,Seq2,628,primary,1.0,0.0
1,Seq2,629,primary,1.0,0.0
1,Seq2,630,control,1.0,0.0
1,Seq2,634,primary,1.0,0.0
2,Seq5,6,control,1.0,0.0
2,Seq5,9,control,1.0,0.0
2,Seq5,16,control,1.0,0.0
2,Seq5,17,control,1.0,0.0
2,Seq5,20,control,1.0,0.0
2,Seq5,25,control,1.0,0.0
2,Seq5,28,primary,1.0,0.0
2,Seq5,31,primary,1.0,0.0
2,Seq5,34,primary,1.0,0.0
2,Seq5,36,primary,1.0,0.0
2,Seq5,37,control,1.0,0.0
2,Seq5,40,control,1.0,0.0
2,Seq5,47,primary,1.0,0.0
2,Seq5,52,primary,1.0,0.0
2,Seq5,63,primary,1.0,0.0
2,Seq5,70,control,1.0,0.0
2,Seq5,85,control,1.0,0.0
2,Seq5,90,control,1.0,0.0
2,Seq5,93,primary,1.0,0.0
2,Seq5,97,primary,1.0,0.0
2,Seq5,103,control,1.0,0.0
2,Seq5,112,primary,1.0,0.0
2,Seq5,116,control,1.0,0.0
2,Seq5,122,control,1.0,0.0
2,Seq5,140,primary,1.0,0.0
2,Seq5,146,control,1.0,0.0
2,Seq5,157,primary,1.0,0.0
2,Seq5,158,control,1.0,0.0
2,Seq5,163,primary,1.0,0.0
2,Seq5,164,primary,1.0,0.0
2,Seq5,165,primary,1.0,0.0
2,Seq5,167,primary,1.0,0.0
2,Seq5,169,control,1.0,0.0
2,Seq5,184,primary,1.0,0.0
2,Seq5,185,primary,1.0,0.0
2,Seq5,187,primary,1.0,0.0
2,Seq5,196,primary,1.0,0.0
2,Seq5,197,primary,1.0,0.0
2,Seq5,199,primary,1.0,1.0
2,Seq5,206,control,1.0,0.0
2,Seq5,211,control,1.0,0.0
2,Seq5,218,control,1.0,0.0
2,Seq5,227,control,1.0,0.0
2,Seq5,231,primary,1.0,0.0
2,Seq5,235,primary,1.0,0.0
2,Seq5,239,primary,1.0,0.0
2,Seq5,240,primary,1.0,0.0
2,Seq5,247,control,1.0,0.0
2,Seq5,258,primary,1.0,0.0
2,Seq5,262,control,1.0,0.0
2,Seq5,275,control,1.0,0.0
2,Seq5,290,primary,1.0,1.0
2,Seq5,298,control,1.0,0.0
2,Seq5,308,control,1.0,1.0
2,Seq5,316,primary,1.0,0.0
2,Seq5,317,primary,1.0,0.0
2,Seq5,319,primary,1.0,0.0
2,Seq5,320,primary,1.0,0.0
2,Seq5,321,primary,1.0,0.0
2,Seq5,322,control,1.0,0.0
2,Seq5,328,primary,1.0,0.0
2,Seq5,334,control,1.0,0.0
2,Seq5,339,control,1.0,0.0
2,Seq5,344,control,1.0,0.0
2,Seq5,353,control,1.0,0.0
2,Seq5,355,primary,1.0,0.0
2,Seq5,356,primary,1.0,0.0
2,Seq5,358,primary,1.0,0.0
2,Seq5,359,primary,1.0,0.0
2,Seq5,360,primary,1.0,0.0
2,Seq5,361,primary,1.0,0.0
2,Seq5,374,control,1.0,0.0
2,Seq5,390,control,1.0,0.0
2,Seq5,416,control,1.0,0.0
2,Seq5,422,primary,1.0,0.0
2,Seq5,423,primary,1.0,0.0
2,Seq5,427,primary,1.0,0.0
2,Seq5,433,primary,1.0,0.0
2,Seq5,436,primary,1.0,0.0
2,Seq5,437,primary,1.0,0.0
2,Seq5,438,control,1.0,0.0
2,Seq5,451,primary,1.0,0.0
2,Seq5,454,primary,1.0,0.0
2,Seq5,455,primary,1.0,0.0
2,Seq5,473,control,1.0,0.0
2,Seq5,476,primary,1.0,0.0
2,Seq5,498,control,1.0,0.0
2,Seq5,500,control,1.0,0.0
2,Seq5,501,control,1.0,0.0
2,Seq5,504,primary,1.0,0.0
2,Seq5,505,primary,1.0,0.0
2,Seq5,508,control,1.0,0.0
2,Seq5,511,primary,1.0,0.0
2,Seq5,512,primary,1.0,0.0
2,Seq5,517,control,1.0,0.0
2,Seq5,522,control,1.0,0.0
2,Seq5,526,control,1.0,0.0
2,Seq5,539,primary,1.0,0.0
2,Seq5,541,primary,1.0,0.0
2,Seq5,542,control,1.0,0.0
2,Seq5,551,primary,1.0,0.0
2,Seq5,554,control,1.0,0.0
2,Seq5,571,primary,1.0,0.0
2,Seq5,572,control,1.0,0.0
2,Seq5,573,control,1.0,0.0
2,Seq5,587,primary,1.0,0.0
2,Seq5,589,primary,1.0,0.0
2,Seq5,592,primary,1.0,0.0
2,Seq5,593,control,1.0,0.0
2,Seq5,595,primary,1.0,0.0
2,Seq5,596,control,1.0,0.0
2,Seq5,607,primary,1.0,1.0
2,Seq5,608,primary,1.0,0.0
2,Seq5,609,control,1.0,0.0
2,Seq5,613,primary,1.0,0.0
2,Seq5,616,primary,1.0,0.0
2,Seq5,617,control,1.0,0.0
2,Seq5,628,primary,1.0,1.0
2,Seq5,629,primary,1.0,0.0
2,Seq5,630,control,1.0,0.0
2,Seq5,634,primary,1.0,0.0
3,Seq7,6,control,1.0,0.0
3,Seq7,9,control,1.0,0.0
3,Seq7,16,control,1.0,0.0
3,Seq7,17,control,1.0,0.0
3,Seq7,20,control,1.0,0.0
3,Seq7,25,control,1.0,0.0
3,Seq7,28,primary,1.0,0.0
3,Seq7,31,primary,1.0,0.0
3,Seq7,34,primary,1.0,0.0
3,Seq7,36,primary,1.0,1.0
3,Seq7,37,control,1.0,0.0
3,Seq7,40,control,1.0,0.0
3,Seq7,47,primary,1.0,0.0
3,Seq7,52,primary,1.0,1.0
3,Seq7,63,primary,1.0,0.0
3,Seq7,70,control,1.0,0.0
3,Seq7,85,control,1.0,0.0
3,Seq7,90,control,1.0,0.0
3,Seq7,93,primary,1.0,1.0
3,Seq7,97,primary,1.0,0.0
3,Seq7,103,control,1.0,0.0
3,Seq7,112,primary,1.0,1.0
3,Seq7,116,control,1.0,0.0
3,Seq7,122,control,1.0,0.0
3,Seq7,140,primary,1.0,0.0
3,Seq7,146,control,1.0,0.0
3,Seq7,157,primary,1.0,1.0
3,Seq7,158,control,1.0,0.0
3,Seq7,163,primary,1.0,0.0
3,Seq7,164,primary,1.0,1.0
3,Seq7,165,primary,1.0,0.0
3,Seq7,167,primary,1.0,0.0
3,Seq7,169,control,1.0,0.0
3,Seq7,184,primary,1.0,0.0
3,Seq7,185,primary,1.0,0.0
3,Seq7,187,primary,1.0,0.0
3,Seq7,196,primary,1.0,1.0
3,Seq7,197,primary,1.0,0.0
3,Seq7,199,primary,1.0,0.0
3,Seq7,206,control,1.0,0.0
3,Seq7,211,control,1.0,0.0
3,Seq7,218,control,1.0,0.0
3,Seq7,227,control,1.0,0.0
3,Seq7,231,primary,1.0,0.0
3,Seq7,235,primary,1.0,0.0
3,Seq7,239,primary,1.0,1.0
3,Seq7,240,primary,1.0,1.0
3,Seq7,247,control,1.0,0.0
3,Seq7,258,primary,1.0,0.0
3,Seq7,262,control,1.0,0.0
3,Seq7,275,control,1.0,0.0
3,Seq7,290,primary,1.0,0.0
3,Seq7,298,control,1.0,0.0
3,Seq7,308,primary,1.0,0.0
3,Seq7,316,primary,1.0,0.0
3,Seq7,317,primary,1.0,0.0
3,Seq7,319,primary,1.0,1.0
3,Seq7,320,primary,1.0,1.0
3,Seq7,321,primary,1.0,0.0
3,Seq7,322,control,1.0,0.0
3,Seq7,328,primary,1.0,0.0
3,Seq7,334,control,1.0,0.0
3,Seq7,339,control,1.0,0.0
3,Seq7,344,control,1.0,0.0
3,Seq7,353,control,1.0,0.0
3,Seq7,355,primary,1.0,1.0
3,Seq7,356,primary,1.0,0.0
3,Seq7,358,primary,1.0,0.0
3,Seq7,359,primary,1.0,1.0
3,Seq7,360,primary,1.0,1.0
3,Seq7,361,primary,1.0,0.0
3,Seq7,374,control,1.0,0.0
3,Seq7,390,control,1.0,0.0
3,Seq7,398,control,1.0,0.0
3,Seq7,404,primary,1.0,1.0
3,Seq7,405,primary,1.0,1.0
3,Seq7,409,control,1.0,0.0
3,Seq7,416,control,1.0,0.0
3,Seq7,422,primary,1.0,1.0
3,Seq7,423,primary,1.0,0.0
3,Seq7,427,control,1.0,0.0
3,Seq7,433,primary,1.0,0.0
3,Seq7,436,primary,1.0,1.0
3,Seq7,437,primary,1.0,0.0
3,Seq7,438,control,1.0,0.0
3,Seq7,451,primary,1.0,0.0
3,Seq7,454,primary,1.0,0.0
3,Seq7,455,primary,1.0,0.0
3,Seq7,473,control,1.0,0.0
3,Seq7,476,primary,1.0,0.0
3,Seq7,498,control,1.0,0.0
3,Seq7,500,control,1.0,0.0
3,Seq7,501,control,1.0,0.0
3,Seq7,504,primary,1.0,1.0
3,Seq7,505,primary,1.0,0.0
3,Seq7,508,control,1.0,0.0
3,Seq7,511,primary,1.0,1.0
3,Seq7,512,primary,1.0,0.0
3,Seq7,517,control,1.0,0.0
3,Seq7,522,control,1.0,0.0
3,Seq7,526,control,1.0,0.0
3,Seq7,539,primary,1.0,0.0
3,Seq7,541,primary,1.0,0.0
3,Seq7,542,control,1.0,0.0
3,Seq7,551,primary,1.0,0.0
3,Seq7,554,control,1.0,0.0
3,Seq7,571,primary,1.0,1.0
3,Seq7,572,control,1.0,0.0
3,Seq7,573,control,1.0,0.0
3,Seq7,587,primary,1.0,0.0
3,Seq7,589,primary,1.0,0.0
3,Seq7,592,primary,1.0,0.0
3,Seq7,593,control,1.0,0.0
3,Seq7,595,primary,1.0,1.0
3,Seq7,596,control,1.0,1.0
3,Seq7,607,primary,1.0,1.0
3,Seq7,608,primary,1.0,1.0
3,Seq7,609,control,1.0,0.0
3,Seq7,613,primary,1.0,0.0
3,Seq7,616,primary,1.0,1.0
3,Seq7,617,control,1.0,0.0
3,Seq7,628,primary,1.0,1.0
3,Seq7,629,primary,1.0,0.0
3,Seq7,630,control,1.0,0.0
3,Seq7,634,primary,1.0,0.0
4,Seq14,6,control,1.0,0.0
4,Seq14,9,control,1.0,0.0
4,Seq14,16,control,1.0,0.0
4,Seq14,17,control,1.0,0.0
4,Seq14,20,control,1.0,0.0
4,Seq14,25,control,1.0,0.0
4,Seq14,28,primary,1.0,0.0
4,Seq14,31,primary,1.0,0.0
4,Seq14,34,primary,1.0,1.0
4,Seq14,36,primary,1.0,0.0
4,Seq14,37,control,1.0,0.0
4,Seq14,40,control,1.0,0.0
4,Seq14,47,primary,1.0,1.0
4,Seq14,52,primary,1.0,1.0
4,Seq14,63,primary,1.0,1.0
4,Seq14,70,control,1.0,0.0
4,Seq14,85,control,1.0,0.0
4,Seq14,90,control,1.0,0.0
4,Seq14,93,primary,1.0,1.0
4,Seq14,97,primary,1.0,1.0
4,Seq14,103,control,1.0,0.0
4,Seq14,112,primary,1.0,1.0
4,Seq14,116,control,1.0,0.0
4,Seq14,122,control,1.0,1.0
4,Seq14,140,primary,1.0,1.0
4,Seq14,146,control,1.0,0.0
4,Seq14,157,primary,1.0,0.0
4,Seq14,158,control,1.0,1.0
4,Seq14,163,primary,1.0,1.0
4,Seq14,164,primary,1.0,0.0
4,Seq14,165,primary,1.0,0.0
4,Seq14,167,primary,1.0,1.0
4,Seq14,169,control,1.0,0.0
4,Seq14,184,primary,1.0,0.0
4,Seq14,185,primary,1.0,1.0
4,Seq14,187,primary,1.0,1.0
4,Seq14,196,primary,1.0,0.0
4,Seq14,197,primary,1.0,0.0
4,Seq14,199,primary,1.0,1.0
4,Seq14,206,control,1.0,1.0
4,Seq14,211,control,1.0,0.0
4,Seq14,218,control,1.0,0.0
4,Seq14,227,control,1.0,0.0
4,Seq14,231,primary,1.0,1.0
4,Seq14,235,primary,1.0,1.0
4,Seq14,239,primary,1.0,1.0
4,Seq14,240,primary,1.0,1.0
4,Seq14,247,control,1.0,0.0
4,Seq14,258,primary,1.0,0.0
4,Seq14,262,control,1.0,0.0
4,Seq14,275,control,1.0,1.0
4,Seq14,290,primary,1.0,0.0
4,Seq14,298,control,1.0,0.0
4,Seq14,308,primary,1.0,1.0
4,Seq14,316,primary,1.0,0.0
4,Seq14,317,primary,1.0,1.0
4,Seq14,319,primary,1.0,1.0
4,Seq14,320,primary,1.0,0.0
4,Seq14,321,primary,1.0,1.0
4,Seq14,322,control,1.0,1.0
4,Seq14,328,primary,1.0,0.0
4,Seq14,334,control,1.0,0.0
4,Seq14,339,control,1.0,0.0
4,Seq14,344,control,1.0,0.0
4,Seq14,353,control,1.0,0.0
4,Seq14,355,primary,1.0,1.0
4,Seq14,356,primary,1.0,1.0
4,Seq14,358,primary,1.0,0.0
4,Seq14,359,primary,1.0,0.0
4,Seq14,360,primary,1.0,0.0
4,Seq14,361,primary,1.0,0.0
4,Seq14,374,control,1.0,0.0
4,Seq14,390,control,1.0,0.0
4,Seq14,398,control,1.0,0.0
4,Seq14,404,primary,1.0,1.0
4,Seq14,405,primary,1.0,1.0
4,Seq14,409,control,1.0,0.0
4,Seq14,416,control,1.0,0.0
4,Seq14,422,primary,1.0,1.0
4,Seq14,423,primary,1.0,1.0
4,Seq14,427,control,1.0,0.0
4,Seq14,433,primary,1.0,1.0
4,Seq14,436,primary,1.0,1.0
4,Seq14,437,primary,1.0,1.0
4,Seq14,438,control,1.0,0.0
4,Seq14,451,primary,1.0,1.0
4,Seq14,454,primary,1.0,1.0
4,Seq14,455,primary,1.0,1.0
4,Seq14,473,control,1.0,0.0
4,Seq14,476,primary,1.0,1.0
4,Seq14,498,control,1.0,0.0
4,Seq14,500,control,1.0,0.0
4,Seq14,501,control,1.0,0.0
4,Seq14,504,primary,1.0,1.0
4,Seq14,505,primary,1.0,1.0
4,Seq14,508,control,1.0,0.0
4,Seq14,511,primary,1.0,0.0
4,Seq14,512,primary,1.0,1.0
4,Seq14,517,control,1.0,0.0
4,Seq14,522,control,1.0,0.0
4,Seq14,526,control,1.0,1.0
4,Seq14,539,primary,1.0,1.0
4,Seq14,541,primary,1.0,1.0
4,Seq14,542,control,1.0,1.0
4,Seq14,551,primary,1.0,1.0
4,Seq14,554,control,1.0,0.0
4,Seq14,571,primary,1.0,0.0
4,Seq14,572,control,1.0,0.0
4,Seq14,573,control,1.0,0.0
4,Seq14,587,primary,1.0,1.0
4,Seq14,589,primary,1.0,1.0
4,Seq14,592,primary,1.0,1.0
4,Seq14,593,control,1.0,0.0
4,Seq14,595,primary,1.0,1.0
4,Seq14,596,control,1.0,0.0
4,Seq14,607,primary,1.0,0.0
4,Seq14,608,primary,1.0,1.0
4,Seq14,609,control,1.0,1.0
4,Seq14,613,primary,1.0,1.0
4,Seq14,616,primary,1.0,1.0
4,Seq14,617,control,1.0,0.0
4,Seq14,628,primary,1.0,1.0
4,Seq14,629,primary,1.0,0.0
4,Seq14,630,control,1.0,1.0
4,Seq14,634,primary,1.0,0.0
5,resolved_consensus,6,control,1.0,0.0
5,resolved_consensus,9,control,1.0,0.0
5,resolved_consensus,16,control,1.0,0.0
5,resolved_consensus,17,control,1.0,0.0
5,resolved_consensus,20,control,1.0,0.0
5,resolved_consensus,25,control,1.0,0.0
5,resolved_consensus,28,primary,1.0,0.0
5,resolved_consensus,31,primary,1.0,0.0
5,resolved_consensus,37,control,1.0,0.0
5,resolved_consensus,40,control,1.0,0.0
5,resolved_consensus,70,control,1.0,0.0
5,resolved_consensus,85,control,1.0,0.0
5,resolved_consensus,90,control,1.0,0.0
5,resolved_consensus,103,control,1.0,0.0
5,resolved_consensus,116,control,1.0,0.0
5,resolved_consensus,146,control,1.0,0.0
5,resolved_consensus,165,primary,1.0,0.0
5,resolved_consensus,169,control,1.0,0.0
5,resolved_consensus,184,primary,1.0,0.0
5,resolved_consensus,197,primary,1.0,0.0
5,resolved_consensus,211,control,1.0,0.0
5,resolved_consensus,218,control,1.0,0.0
5,resolved_consensus,227,control,1.0,0.0
5,resolved_consensus,247,control,1.0,0.0
5,resolved_consensus,258,primary,1.0,0.0
5,resolved_consensus,262,control,1.0,0.0
5,resolved_consensus,298,control,1.0,0.0
5,resolved_consensus,316,primary,1.0,0.0
5,resolved_consensus,328,primary,1.0,0.0
5,resolved_consensus,334,control,1.0,0.0
5,resolved_consensus,339,control,1.0,0.0
5,resolved_consensus,344,control,1.0,0.0
5,resolved_consensus,353,control,1.0,0.0
5,resolved_consensus,358,primary,1.0,0.0
5,resolved_consensus,361,primary,1.0,0.0
5,resolved_consensus,374,control,1.0,0.0
5,resolved_consensus,390,control,1.0,0.0
5,resolved_consensus,398,control,1.0,0.0
5,resolved_consensus,409,control,1.0,0.0
5,resolved_consensus,416,control,1.0,0.0
5,resolved_consensus,438,control,1.0,0.0
5,resolved_consensus,473,control,1.0,0.0
5,resolved_consensus,498,control,1.0,0.0
5,resolved_consensus,500,control,1.0,0.0
5,resolved_consensus,501,control,1.0,0.0
5,resolved_consensus,508,control,1.0,0.0
5,resolved_consensus,517,control,1.0,0.0
5,resolved_consensus,522,control,1.0,0.0
5,resolved_consensus,554,control,1.0,0.0
5,resolved_consensus,572,control,1.0,0.0
5,resolved_consensus,573,control,1.0,0.0
5,resolved_consensus,593,control,1.0,0.0
5,resolved_consensus,617,control,1.0,0.0
5,resolved_consensus,629,primary,1.0,0.0
5,resolved_consensus,634,primary,1.0,0.0
